date,sentiment
2008-06-08,-0.36242399999999997
2008-06-09,-0.24253599999999997
2008-06-10,-0.30474
2008-06-11,-0.143736
2008-06-12,-0.128564
2008-06-13,-0.25231200000000004
2008-06-14,-0.141268
2008-06-15,-0.16602
2008-06-16,-0.230048
2008-06-17,-0.208244
2008-06-18,-0.249704
2008-06-19,-0.090188
2008-06-20,-0.387496
2008-06-21,-0.191528
2008-06-22,-0.22823999999999997
2008-06-23,-0.193092
2008-06-24,-0.17224399999999998
2008-06-25,-0.203948
2008-06-26,-0.315736
2008-06-27,-0.18350000000000002
2008-06-28,-0.289208
2008-06-29,-0.31231200000000003
2008-06-30,-0.07552
2008-07-01,-0.021204
2008-07-02,-0.18399200000000002
2008-07-03,-0.25022
2008-07-04,-0.21018799999999999
2008-07-05,-0.285892
2008-07-06,-0.19238
2008-07-07,-0.261052
2008-07-08,-0.13053199999999998
2008-07-09,-0.2904
2008-07-10,-0.24284
2008-07-11,0.014467999999999991
2008-07-12,-0.21006
2008-07-13,-0.233552
2008-07-14,-0.147404
2008-07-15,-0.15376
2008-07-16,-0.21872799999999998
2008-07-17,-0.06158000000000001
2008-07-18,-0.143932
2008-07-19,-0.17066800000000001
2008-07-20,-0.22833199999999998
2008-07-21,-0.308484
2008-07-22,-0.204308
2008-07-23,-0.132796
2008-07-24,-0.198148
2008-07-25,-0.068124
2008-07-26,-0.231108
2008-07-27,-0.29904800000000004
2008-07-28,-0.362228
2008-07-29,-0.28706
2008-07-30,-0.24736799999999998
2008-07-31,-0.230352
2008-08-01,-0.127792
2008-08-02,-0.09572800000000001
2008-08-03,-0.12060399999999999
2008-08-04,-0.165832
2008-08-05,-0.12478
2008-08-06,-0.208372
2008-08-07,-0.17729199999999998
2008-08-08,-0.30944
2008-08-09,-0.068492
2008-08-10,-0.144332
2008-08-11,-0.12074
2008-08-12,-0.217556
2008-08-13,-0.16872399999999999
2008-08-14,-0.130748
2008-08-15,-0.155992
2008-08-16,-0.18055600000000002
2008-08-17,-0.11827199999999999
2008-08-18,-0.204204
2008-08-19,-0.273976
2008-08-20,-0.160044
2008-08-21,-0.23953200000000002
2008-08-22,-0.078788
2008-08-23,-0.200932
2008-08-24,-0.06966800000000001
2008-08-25,-0.417096
2008-08-26,-0.292036
2008-08-27,-0.206636
2008-08-28,-0.004907999999999997
2008-08-29,-0.059024
2008-08-30,-0.21867999999999999
2008-08-31,-0.172544
2008-09-01,-0.04852400000000001
2008-09-02,-0.245976
2008-09-03,-0.127324
2008-09-04,-0.146444
2008-09-05,-0.23128
2008-09-06,-0.21078400000000003
2008-09-07,-0.15464
2008-09-08,-0.30965600000000004
2008-09-09,-0.273152
2008-09-10,-0.25613600000000003
2008-09-11,-0.169724
2008-09-12,-0.17973199999999998
2008-09-13,-0.29993200000000003
2008-09-14,-0.10968
2008-09-15,-0.238032
2008-09-16,-0.341344
2008-09-17,-0.223168
2008-09-18,-0.305512
2008-09-19,-0.292056
2008-09-20,-0.291292
2008-09-21,-0.18970800000000002
2008-09-22,-0.26096
2008-09-23,-0.16604
2008-09-24,-0.289928
2008-09-25,-0.233392
2008-09-26,-0.21743600000000002
2008-09-27,-0.06378400000000001
2008-09-28,-0.122328
2008-09-29,-0.15497599999999997
2008-09-30,-0.187592
2008-10-01,-0.177896
2008-10-02,-0.16427599999999998
2008-10-03,-0.16588
2008-10-04,-0.258328
2008-10-05,-0.265544
2008-10-06,-0.074768
2008-10-07,-0.21756399999999998
2008-10-08,-0.23912
2008-10-09,-0.235976
2008-10-10,-0.157616
2008-10-11,-0.298976
2008-10-12,-0.076488
2008-10-13,-0.07430400000000001
2008-10-14,-0.23662400000000003
2008-10-15,-0.13747199999999998
2008-10-16,-0.14989999999999998
2008-10-17,-0.282756
2008-10-18,-0.3139
2008-10-19,-0.17578400000000002
2008-10-20,-0.141356
2008-10-21,-0.103644
2008-10-22,-0.19403199999999998
2008-10-23,-0.129032
2008-10-24,-0.268916
2008-10-25,-0.14521599999999998
2008-10-26,-0.226222
2008-10-27,-0.257736
2008-10-28,-0.250136
2008-10-29,-0.164476
2008-10-30,-0.308168
2008-10-31,-0.202348
2008-11-01,-0.101564
2008-11-02,-0.20816800000000002
2008-11-03,-0.233096
2008-11-04,-0.11262
2008-11-05,-0.07894399999999999
2008-11-06,-0.222528
2008-11-07,-0.204096
2008-11-08,-0.297912
2008-11-09,-0.229984
2008-11-10,-0.161496
2008-11-11,-0.310764
2008-11-12,-0.356584
2008-11-13,-0.132848
2008-11-14,-0.15282
2008-11-15,-0.02284399999999999
2008-11-16,-0.055192
2008-11-17,-0.147888
2008-11-18,-0.28658
2008-11-19,0.06002
2008-11-20,-0.058648000000000006
2008-11-21,-0.20781599999999997
2008-11-22,-0.120808
2008-11-23,-0.149808
2008-11-24,-0.226692
2008-11-25,-0.245936
2008-11-26,-0.227588
2008-11-27,-0.179244
2008-11-28,-0.231236
2008-11-29,-0.404336
2008-11-30,-0.3065
2008-12-01,-0.148508
2008-12-02,-0.28084
2008-12-03,-0.16224799999999998
2008-12-04,-0.192292
2008-12-05,-0.337608
2008-12-06,-0.371048
2008-12-07,-0.212208
2008-12-08,-0.1401
2008-12-09,-0.24081600000000003
2008-12-10,-0.24368399999999998
2008-12-11,-0.149852
2008-12-12,-0.35868
2008-12-13,-0.307848
2008-12-14,-0.379284
2008-12-15,-0.10331199999999999
2008-12-16,-0.20338799999999999
2008-12-17,-0.118964
2008-12-18,-0.18080399999999996
2008-12-19,-0.233292
2008-12-20,-0.178524
2008-12-21,-0.23288
2008-12-22,-0.308236
2008-12-23,-0.08899599999999999
2008-12-24,-0.110384
2008-12-25,-0.073292
2008-12-26,-0.205348
2008-12-27,-0.215436
2008-12-28,-0.23884799999999998
2008-12-29,-0.15908
2008-12-30,-0.20331599999999997
2008-12-31,-0.19352799999999998
2009-01-01,-0.151888
2009-01-02,-0.20855600000000002
2009-01-03,-0.16872800000000002
2009-01-04,-0.257504
2009-01-05,-0.295028
2009-01-06,-0.157892
2009-01-07,-0.316712
2009-01-08,-0.358608
2009-01-09,-0.2869
2009-01-10,-0.212672
2009-01-11,-0.19525199999999998
2009-01-12,-0.23771599999999998
2009-01-13,-0.266252
2009-01-14,-0.270124
2009-01-15,-0.129944
2009-01-16,-0.35970799999999997
2009-01-17,-0.347476
2009-01-18,-0.106156
2009-01-19,-0.26157199999999997
2009-01-20,-0.36580399999999996
2009-01-21,-0.18386400000000003
2009-01-22,-0.155804
2009-01-23,-0.240384
2009-01-24,-0.10633200000000001
2009-01-25,-0.18911999999999998
2009-01-26,-0.27155999999999997
2009-01-27,-0.28633600000000003
2009-01-28,-0.20825599999999997
2009-01-29,-0.149564
2009-01-30,-0.12922
2009-01-31,-0.303456
2009-02-01,-0.162284
2009-02-02,-0.09332000000000001
2009-02-03,-0.13672
2009-02-04,-0.247856
2009-02-05,-0.07335599999999999
2009-02-06,-0.198488
2009-02-07,-0.220444
2009-02-08,-0.230864
2009-02-09,-0.3404
2009-02-10,-0.26094
2009-02-11,-0.22342800000000002
2009-02-12,-0.213644
2009-02-13,-0.183296
2009-02-14,-0.18026399999999998
2009-02-15,0.005720000000000003
2009-02-16,-0.40897599999999995
2009-02-17,-0.322396
2009-02-18,-0.144168
2009-02-19,-0.148992
2009-02-20,-0.23210799999999998
2009-02-21,-0.174316
2009-02-22,-0.20519600000000002
2009-02-23,-0.19520400000000002
2009-02-24,-0.15852
2009-02-25,-0.27233599999999997
2009-02-26,-0.191632
2009-02-27,-0.212972
2009-02-28,-0.271364
2009-03-01,-0.201952
2009-03-02,-0.207668
2009-03-03,-0.243072
2009-03-04,-0.392064
2009-03-05,-0.23576
2009-03-06,-0.21498
2009-03-07,-0.20106000000000002
2009-03-08,-0.280192
2009-03-09,-0.147672
2009-03-10,-0.17714400000000002
2009-03-11,-0.400724
2009-03-12,-0.250756
2009-03-13,-0.102316
2009-03-14,-0.21834399999999998
2009-03-15,-0.104992
2009-03-16,-0.22007199999999996
2009-03-17,-0.370616
2009-03-18,-0.327672
2009-03-19,-0.24702
2009-03-20,-0.35244
2009-03-21,-0.23578400000000002
2009-03-22,-0.295512
2009-03-23,-0.21928799999999998
2009-03-24,-0.330128
2009-03-25,-0.279208
2009-03-26,-0.309648
2009-03-27,-0.212404
2009-03-28,-0.24098
2009-03-30,-0.217264
2009-03-31,-0.20076
2009-04-01,-0.1152
2009-04-02,-0.251776
2009-04-03,-0.143048
2009-04-04,-0.26533999999999996
2009-04-05,-0.209492
2009-04-06,-0.232132
2009-04-07,-0.285024
2009-04-08,-0.099176
2009-04-09,-0.28542
2009-04-10,-0.24036000000000002
2009-04-11,-0.30875199999999997
2009-04-12,-0.14288800000000001
2009-04-13,-0.215032
2009-04-14,-0.2425
2009-04-15,-0.214932
2009-04-16,-0.254268
2009-04-17,-0.23500800000000002
2009-04-18,-0.185976
2009-04-19,-0.101164
2009-04-20,-0.20922000000000002
2009-04-21,-0.13855599999999998
2009-04-22,-0.15181999999999998
2009-04-23,-0.125308
2009-04-24,-0.17418
2009-04-25,-0.225852
2009-04-26,-0.209224
2009-04-27,-0.12983599999999998
2009-04-28,-0.24904
2009-04-29,-0.07959999999999999
2009-04-30,-0.3023
2009-05-01,-0.224804
2009-05-02,-0.212624
2009-05-03,-0.184292
2009-05-04,-0.196276
2009-05-05,-0.314132
2009-05-06,-0.22962400000000002
2009-05-07,-0.14178000000000002
2009-05-08,-0.209932
2009-05-09,-0.163836
2009-05-10,-0.238264
2009-05-11,-0.201596
2009-05-12,-0.158584
2009-05-13,-0.144572
2009-05-14,-0.325228
2009-05-15,-0.052140000000000006
2009-05-16,-0.290008
2009-05-17,-0.02436
2009-05-18,-0.21758
2009-05-19,-0.163692
2009-05-20,-0.406652
2009-05-21,-0.278124
2009-05-22,-0.25868
2009-05-23,-0.23761600000000002
2009-05-24,-0.220168
2009-05-25,-0.24771200000000002
2009-05-26,-0.10900800000000001
2009-05-27,-0.108892
2009-05-28,-0.18806
2009-05-29,-0.19996
2009-05-30,-0.16722
2009-05-31,-0.245124
2009-06-01,-0.16752
2009-06-02,-0.091272
2009-06-03,-0.126216
2009-06-04,-0.068528
2009-06-05,-0.016844
2009-06-06,-0.24012799999999998
2009-06-07,-0.218448
2009-06-08,-0.198796
2009-06-09,-0.363392
2009-06-10,-0.176372
2009-06-11,-0.121344
2009-06-12,-0.150144
2009-06-13,-0.23926000000000003
2009-06-14,-0.230824
2009-06-15,-0.281736
2009-06-16,-0.21048000000000003
2009-06-17,-0.181996
2009-06-18,-0.19994
2009-06-19,-0.22408
2009-06-20,-0.13108
2009-06-21,-0.269044
2009-06-22,0.031100000000000003
2009-06-23,-0.303796
2009-06-24,-0.289392
2009-06-25,-0.06360400000000001
2009-06-26,-0.275308
2009-06-27,-0.231208
2009-06-28,-0.25047200000000003
2009-06-29,-0.25729599999999997
2009-06-30,-0.10240800000000001
2009-07-01,-0.134388
2009-07-02,-0.13131199999999998
2009-07-03,-0.224572
2009-07-04,-0.10616400000000001
2009-07-05,-0.160276
2009-07-06,-0.394604
2009-07-07,-0.336004
2009-07-08,-0.24698
2009-07-09,-0.292668
2009-07-10,-0.354848
2009-07-11,-0.121728
2009-07-12,-0.102616
2009-07-13,-0.233016
2009-07-14,-0.36476
2009-07-15,-0.409928
2009-07-16,-0.209464
2009-07-17,-0.28118000000000004
2009-07-18,-0.22822800000000001
2009-07-19,-0.18488800000000002
2009-07-20,-0.1411
2009-07-21,-0.150304
2009-07-22,-0.089456
2009-07-23,-0.269028
2009-07-24,-0.126372
2009-07-25,-0.222944
2009-07-26,-0.19327199999999997
2009-07-27,-0.22317599999999999
2009-07-28,-0.297064
2009-07-29,-0.238476
2009-07-30,-0.26360799999999995
2009-07-31,-0.194492
2009-08-01,-0.20093999999999998
2009-08-02,-0.167196
2009-08-03,-0.062624
2009-08-04,-0.25148
2009-08-05,-0.185108
2009-08-06,-0.096548
2009-08-07,-0.315392
2009-08-08,-0.089452
2009-08-09,-0.34810800000000003
2009-08-10,-0.2268
2009-08-11,-0.240092
2009-08-12,-0.053040000000000004
2009-08-13,-0.18525199999999997
2009-08-14,-0.14166
2009-08-15,-0.24698799999999999
2009-08-16,-0.207132
2009-08-17,-0.310208
2009-08-18,-0.126284
2009-08-19,-0.198036
2009-08-20,-0.102944
2009-08-21,-0.36784799999999995
2009-08-22,-0.270876
2009-08-23,-0.09522
2009-08-24,-0.156252
2009-08-25,-0.15172799999999997
2009-08-26,-0.154188
2009-08-27,-0.266856
2009-08-28,-0.119892
2009-08-29,-0.08808799999999999
2009-08-30,-0.050888
2009-08-31,-0.229388
2009-09-01,-0.18606
2009-09-02,-0.150256
2009-09-03,-0.183048
2009-09-04,-0.206244
2009-09-05,-0.16230000000000003
2009-09-06,-0.212816
2009-09-07,-0.136104
2009-09-08,-0.17462400000000003
2009-09-09,-0.17055199999999998
2009-09-10,-0.207284
2009-09-11,-0.14551999999999998
2009-09-12,-0.039004166666666666
2009-09-13,-0.29810416666666667
2009-09-14,-0.104208
2009-09-15,0.05947272727272728
2009-09-16,-0.075632
2009-09-17,-0.370984
2009-09-18,-0.152304
2009-09-19,-0.12700869565217393
2009-09-20,-0.19152608695652173
2009-09-21,-0.153492
2009-09-22,-0.185048
2009-09-23,-0.141912
2009-09-24,-0.184772
2009-09-25,-0.042492
2009-09-26,-0.1580391304347826
2009-09-27,-0.148788
2009-09-28,-0.07127599999999999
2009-09-29,-0.240032
2009-09-30,-0.25604
2009-10-01,-0.18206400000000003
2009-10-02,-0.2671
2009-10-03,-0.051456
2009-10-04,-0.07918399999999999
2009-10-05,-0.19962
2009-10-06,-0.20597200000000002
2009-10-07,-0.435376
2009-10-08,-0.132212
2009-10-09,-0.106492
2009-10-10,-0.12105
2009-10-11,-0.230688
2009-10-12,-0.23008800000000001
2009-10-13,-0.20521599999999998
2009-10-14,-0.225684
2009-10-15,-0.06358799999999999
2009-10-16,-0.16165200000000002
2009-10-17,-0.260768
2009-10-18,-0.23416399999999998
2009-10-19,-0.20172800000000002
2009-10-20,0.058432000000000005
2009-10-21,-0.089456
2009-10-22,-0.22053999999999999
2009-10-23,-0.021396000000000012
2009-10-24,-0.09434000000000001
2009-10-25,-0.26166
2009-10-26,-0.32480800000000004
2009-10-27,-0.309616
2009-10-28,-0.31535599999999997
2009-10-29,-0.16450800000000002
2009-10-30,-0.17228000000000002
2009-10-31,-0.140892
2009-11-01,-0.133828
2009-11-02,-0.07488399999999999
2009-11-03,-0.14887599999999998
2009-11-04,-0.149724
2009-11-05,-0.285344
2009-11-06,-0.184096
2009-11-07,-0.3259
2009-11-08,-0.111312
2009-11-09,-0.03932400000000001
2009-11-10,-0.186204
2009-11-11,-0.072912
2009-11-12,-0.23278400000000002
2009-11-13,-0.19787200000000002
2009-11-14,-0.21557600000000002
2009-11-15,-0.057132
2009-11-16,-0.316956
2009-11-17,-0.102768
2009-11-18,-0.234444
2009-11-19,-0.126128
2009-11-20,-0.303364
2009-11-21,-0.37689999999999996
2009-11-22,-0.24392
2009-11-23,-0.437448
2009-11-24,-0.351084
2009-11-25,-0.182624
2009-11-26,-0.12551199999999998
2009-11-27,-0.16746
2009-11-28,-0.36878
2009-11-29,-0.326224
2009-11-30,-0.262452
2009-12-01,-0.20958
2009-12-02,-0.441356
2009-12-03,-0.197304
2009-12-04,-0.250304
2009-12-05,-0.14576
2009-12-06,-0.254212
2009-12-07,-0.186144
2009-12-08,-0.154384
2009-12-09,-0.096072
2009-12-10,-0.287848
2009-12-11,-0.26224000000000003
2009-12-12,-0.212136
2009-12-13,-0.34408
2009-12-14,-0.347292
2009-12-15,-0.414724
2009-12-16,-0.306132
2009-12-17,-0.288408
2009-12-18,-0.207956
2009-12-19,-0.13542800000000002
2009-12-20,-0.22362
2009-12-21,-0.202364
2009-12-22,-0.26275200000000004
2009-12-23,-0.160964
2009-12-24,-0.2031521739130435
2009-12-25,-0.2495
2009-12-26,-0.245988
2009-12-27,-0.289812
2009-12-28,-0.011208000000000001
2009-12-29,-0.123604
2009-12-30,-0.363112
2009-12-31,-0.346824
2010-01-01,-0.24005600000000002
2010-01-02,-0.116188
2010-01-03,-0.0273
2010-01-04,-0.147916
2010-01-05,-0.300528
2010-01-06,-0.36052799999999996
2010-01-07,-0.05297200000000001
2010-01-08,-0.35796
2010-01-09,-0.300596
2010-01-10,-0.226448
2010-01-11,-0.29260400000000003
2010-01-12,-0.272892
2010-01-13,-0.22991599999999998
2010-01-14,-0.1848
2010-01-15,-0.143972
2010-01-16,-0.087164
2010-01-17,-0.144564
2010-01-18,-0.191044
2010-01-19,-0.22468
2010-01-20,-0.061427999999999996
2010-01-21,-0.278832
2010-01-22,-0.16092800000000002
2010-01-23,-0.315192
2010-01-24,-0.24956
2010-01-25,-0.194524
2010-01-26,-0.37852
2010-01-27,-0.115372
2010-01-28,-0.27877199999999996
2010-01-29,-0.348384
2010-01-30,-0.206584
2010-01-31,-0.18988799999999997
2010-02-01,-0.23544800000000002
2010-02-02,-0.03352
2010-02-03,-0.09400800000000001
2010-02-04,-0.242348
2010-02-05,0.0453
2010-02-06,-0.18897200000000003
2010-02-07,-0.253368
2010-02-08,-0.226384
2010-02-09,-0.29864
2010-02-10,-0.18372
2010-02-11,-0.160748
2010-02-12,-0.259532
2010-02-13,-0.31243200000000004
2010-02-14,-0.2613
2010-02-15,-0.34516800000000003
2010-02-16,-0.37943600000000005
2010-02-17,-0.297104
2010-02-18,-0.23484000000000002
2010-02-19,-0.293172
2010-02-20,-0.14643599999999998
2010-02-21,-0.21614
2010-02-22,-0.27982799999999997
2010-02-23,-0.292032
2010-02-24,-0.23052
2010-02-25,-0.125492
2010-02-26,-0.069196
2010-02-27,-0.22710799999999998
2010-02-28,-0.195188
2010-03-01,-0.38020000000000004
2010-03-02,-0.228916
2010-03-03,-0.292032
2010-03-04,-0.150396
2010-03-05,-0.144936
2010-03-06,-0.196204
2010-03-07,-0.21779199999999999
2010-03-08,-0.123216
2010-03-09,-0.134068
2010-03-10,-0.034288000000000006
2010-03-11,-0.159732
2010-03-12,-0.193944
2010-03-13,-0.154056
2010-03-14,0.07295199999999999
2010-03-15,-0.067944
2010-03-16,-0.285052
2010-03-17,-0.1628
2010-03-18,-0.15532400000000002
2010-03-19,-0.30280799999999997
2010-03-20,-0.288364
2010-03-21,-0.17109200000000002
2010-03-22,-0.24734
2010-03-23,-0.254632
2010-03-24,-0.270168
2010-03-25,-0.248424
2010-03-26,-0.23630400000000001
2010-03-27,-0.363752
2010-03-29,-0.270928
2010-03-30,-0.312256
2010-03-31,-0.437732
2010-04-01,-0.20742800000000003
2010-04-02,-0.31366
2010-04-03,-0.41570799999999997
2010-04-04,-0.217164
2010-04-05,-0.24188400000000002
2010-04-06,-0.330568
2010-04-07,-0.26533999999999996
2010-04-08,-0.25918800000000003
2010-04-09,-0.21522399999999997
2010-04-10,-0.35308799999999996
2010-04-11,-0.273588
2010-04-12,-0.17158400000000001
2010-04-13,-0.188884
2010-04-14,-0.11681999999999998
2010-04-15,-0.144536
2010-04-16,-0.35891599999999996
2010-04-17,-0.248988
2010-04-18,-0.169808
2010-04-19,-0.16672800000000002
2010-04-20,-0.201888
2010-04-21,-0.159416
2010-04-22,-0.10444800000000001
2010-04-23,-0.22856400000000002
2010-04-24,-0.197548
2010-04-25,-0.163396
2010-04-26,-0.1408
2010-04-27,-0.040764
2010-04-28,-0.19347999999999999
2010-04-29,-0.332396
2010-04-30,-0.324392
2010-05-01,-0.087972
2010-05-02,-0.15561999999999998
2010-05-03,-0.19812000000000002
2010-05-04,-0.176952
2010-05-05,-0.166964
2010-05-06,-0.13566
2010-05-07,-0.173404
2010-05-08,-0.014863999999999997
2010-05-09,-0.22240400000000002
2010-05-10,-0.20421199999999998
2010-05-11,-0.291672
2010-05-12,-0.240596
2010-05-13,-0.206528
2010-05-14,-0.38568800000000003
2010-05-15,-0.211388
2010-05-16,-0.244352
2010-05-17,-0.14158400000000002
2010-05-18,-0.076264
2010-05-19,-0.30731200000000003
2010-05-20,-0.242648
2010-05-21,-0.248304
2010-05-22,-0.334712
2010-05-23,-0.07397999999999999
2010-05-24,-0.22148800000000002
2010-05-25,-0.32105200000000006
2010-05-26,-0.174144
2010-05-27,-0.14052
2010-05-28,-0.26569200000000004
2010-05-29,-0.18807600000000002
2010-05-30,-0.19864
2010-05-31,-0.341588
2010-06-01,-0.205872
2010-06-02,-0.462896
2010-06-03,-0.120696
2010-06-04,-0.291676
2010-06-05,-0.043292000000000004
2010-06-06,-0.02028
2010-06-07,-0.373884
2010-06-08,-0.35454399999999997
2010-06-09,-0.22796
2010-06-10,-0.221016
2010-06-11,-0.147584
2010-06-12,-0.346152
2010-06-13,-0.25451999999999997
2010-06-14,-0.08868000000000001
2010-06-15,-0.331488
2010-06-16,-0.216444
2010-06-17,-0.12446399999999999
2010-06-18,-0.22209199999999998
2010-06-19,-0.263444
2010-06-20,-0.206372
2010-06-21,-0.104276
2010-06-22,-0.18177600000000002
2010-06-23,-0.188028
2010-06-24,-0.1677
2010-06-25,-0.12959199999999998
2010-06-26,-0.202088
2010-06-27,-0.243152
2010-06-28,-0.17436799999999997
2010-06-29,-0.2368
2010-06-30,-0.349972
2010-07-01,-0.031731999999999996
2010-07-02,-0.36511200000000005
2010-07-03,-0.221828
2010-07-04,-0.215188
2010-07-05,-0.400244
2010-07-06,-0.238212
2010-07-07,-0.206196
2010-07-08,-0.298572
2010-07-09,-0.07782
2010-07-10,-0.263792
2010-07-11,-0.23150400000000002
2010-07-12,-0.47688400000000003
2010-07-13,-0.263616
2010-07-14,-0.180172
2010-07-15,-0.21323999999999999
2010-07-16,-0.281544
2010-07-17,-0.33702799999999994
2010-07-18,-0.3176
2010-07-19,0.0020319999999999982
2010-07-20,0.041096
2010-07-21,-0.403596
2010-07-22,-0.125104
2010-07-23,-0.23735199999999998
2010-07-24,-0.093504
2010-07-25,-0.29072400000000004
2010-07-26,-0.2773
2010-07-27,-0.20040400000000003
2010-07-28,-0.292172
2010-07-29,-0.205632
2010-07-30,-0.340076
2010-07-31,-0.283224
2010-08-01,-0.240196
2010-08-02,-0.26545199999999997
2010-08-03,-0.13222799999999998
2010-08-04,-0.30064799999999997
2010-08-05,-0.14197200000000001
2010-08-06,-0.23311199999999999
2010-08-07,-0.371308
2010-08-08,-0.238616
2010-08-09,-0.181984
2010-08-10,-0.314692
2010-08-11,-0.05719200000000001
2010-08-12,-0.17197600000000002
2010-08-13,-0.199516
2010-08-14,-0.22254
2010-08-15,-0.24036000000000002
2010-08-16,-0.286288
2010-08-17,-0.10358
2010-08-18,-0.10507999999999999
2010-08-19,-0.181712
2010-08-20,-0.260712
2010-08-21,-0.25113599999999997
2010-08-22,-0.195768
2010-08-23,-0.154424
2010-08-24,-0.304588
2010-08-25,-0.32746000000000003
2010-08-26,-0.123752
2010-08-27,-0.11355599999999999
2010-08-28,-0.037040000000000003
2010-08-29,-0.276012
2010-08-30,-0.250996
2010-08-31,-0.29734
2010-09-01,-0.251328
2010-09-02,-0.303696
2010-09-03,-0.306816
2010-09-04,-0.07084
2010-09-05,-0.22566
2010-09-06,-0.062832
2010-09-07,-0.16558
2010-09-08,-0.16373200000000002
2010-09-09,-0.1935
2010-09-10,-0.376676
2010-09-11,-0.289176
2010-09-12,-0.18578400000000003
2010-09-13,-0.170016
2010-09-14,-0.26711199999999996
2010-09-15,-0.1421
2010-09-16,-0.12223200000000002
2010-09-17,-0.249476
2010-09-18,-0.13676
2010-09-19,-0.260988
2010-09-20,-0.157692
2010-09-21,-0.06092
2010-09-22,-0.272188
2010-09-23,-0.259564
2010-09-24,-0.364968
2010-09-25,-0.219408
2010-09-26,-0.09197600000000002
2010-09-27,-0.23380800000000002
2010-09-28,-0.373128
2010-09-29,-0.190364
2010-09-30,-0.145744
2010-10-01,-0.322648
2010-10-02,-0.17066800000000001
2010-10-03,-0.09527999999999999
2010-10-04,-0.326932
2010-10-05,-0.12397999999999999
2010-10-06,0.013319999999999988
2010-10-07,-0.09150400000000002
2010-10-08,-0.20552399999999998
2010-10-09,0.05980400000000001
2010-10-10,0.030344000000000024
2010-10-11,-0.209884
2010-10-12,-0.22787600000000002
2010-10-13,-0.171568
2010-10-14,0.078324
2010-10-15,-0.087308
2010-10-16,-0.06906
2010-10-17,-0.026292
2010-10-18,-0.24846400000000002
2010-10-19,-0.102636
2010-10-20,-0.298248
2010-10-21,-0.146568
2010-10-22,-0.34258000000000005
2010-10-23,-0.320588
2010-10-24,-0.246128
2010-10-25,-0.239936
2010-10-26,-0.224948
2010-10-27,-0.148948
2010-10-28,-0.326308
2010-10-29,-0.22146000000000002
2010-10-30,-0.09854000000000002
2010-10-31,-0.20383199999999999
2010-11-01,-0.204572
2010-11-02,-0.143324
2010-11-03,-0.17194000000000004
2010-11-04,-0.36898000000000003
2010-11-05,-0.20688800000000002
2010-11-06,-0.331544
2010-11-07,-0.22320399999999999
2010-11-08,-0.247456
2010-11-09,-0.218672
2010-11-10,-0.2378
2010-11-11,-0.12470400000000001
2010-11-12,-0.179324
2010-11-13,-0.325304
2010-11-14,-0.021059999999999995
2010-11-15,-0.315004
2010-11-16,-0.270488
2010-11-17,-0.118352
2010-11-18,-0.346864
2010-11-19,-0.185584
2010-11-20,-0.251728
2010-11-21,-0.1894
2010-11-22,-0.209712
2010-11-23,-0.15605200000000002
2010-11-24,-0.107568
2010-11-25,-0.11972
2010-11-26,-0.066712
2010-11-27,-0.26294
2010-11-28,-0.206388
2010-11-29,-0.475068
2010-11-30,-0.30948800000000004
2010-12-01,-0.228264
2010-12-02,-0.202716
2010-12-03,-0.20542000000000002
2010-12-04,-0.198876
2010-12-05,-0.262816
2010-12-06,-0.1509
2010-12-07,-0.13174
2010-12-08,-0.154556
2010-12-09,-0.09857999999999999
2010-12-10,-0.221768
2010-12-11,-0.174484
2010-12-12,-0.356612
2010-12-13,-0.086472
2010-12-14,-0.141848
2010-12-15,-0.21571200000000001
2010-12-16,-0.268888
2010-12-17,-0.310208
2010-12-18,-0.24915600000000002
2010-12-19,-0.19973600000000002
2010-12-20,-0.167732
2010-12-21,-0.318916
2010-12-22,-0.24848399999999998
2010-12-23,-0.28166
2010-12-24,-0.31712399999999996
2010-12-25,-0.226132
2010-12-26,-0.1727
2010-12-27,-0.12438
2010-12-28,-0.27362000000000003
2010-12-29,-0.242316
2010-12-30,-0.10182000000000001
2010-12-31,-0.22920000000000001
2011-01-01,-0.09225200000000001
2011-01-02,-0.220564
2011-01-03,-0.173112
2011-01-04,-0.208864
2011-01-05,-0.27356400000000003
2011-01-06,-0.387004
2011-01-07,-0.254696
2011-01-08,0.004636
2011-01-09,0.052655999999999994
2011-01-10,-0.126768
2011-01-11,-0.133608
2011-01-12,-0.33281999999999995
2011-01-13,-0.0851
2011-01-14,-0.05118
2011-01-15,-0.178724
2011-01-16,-0.11796800000000002
2011-01-17,-0.09407199999999999
2011-01-18,-0.068088
2011-01-19,-0.145952
2011-01-20,-0.21471600000000002
2011-01-21,-0.319084
2011-01-22,-0.18969999999999998
2011-01-23,-0.20918399999999998
2011-01-24,-0.144668
2011-01-25,-0.29493600000000003
2011-01-26,-0.251876
2011-01-27,-0.19571199999999997
2011-01-28,-0.154852
2011-01-29,-0.10014800000000001
2011-01-30,0.013816000000000002
2011-01-31,-0.13415600000000003
2011-02-01,0.015812000000000007
2011-02-02,-0.027903999999999995
2011-02-03,-0.308944
2011-02-04,-0.087904
2011-02-05,-0.200076
2011-02-06,-0.20073999999999997
2011-02-07,-0.14307999999999998
2011-02-08,-0.176584
2011-02-09,-0.29875599999999997
2011-02-10,-0.16858399999999998
2011-02-11,-0.11006400000000001
2011-02-12,-0.052296
2011-02-13,-0.219564
2011-02-14,-0.125848
2011-02-15,-0.35660800000000004
2011-02-16,-0.33388399999999996
2011-02-17,-0.31732
2011-02-18,-0.325444
2011-02-19,-0.126456
2011-02-20,-0.343564
2011-02-21,-0.28301200000000004
2011-02-22,-0.037276
2011-02-23,-0.165516
2011-02-24,-0.202848
2011-02-25,-0.25224799999999997
2011-02-26,-0.223368
2011-02-27,-0.205112
2011-02-28,-0.1683
2011-03-01,-0.104124
2011-03-02,-0.26374
2011-03-03,-0.254624
2011-03-04,-0.289592
2011-03-05,-0.192456
2011-03-06,-0.17611999999999997
2011-03-07,-0.057088
2011-03-08,-0.238012
2011-03-09,-0.289772
2011-03-10,-0.258316
2011-03-11,0.051928
2011-03-12,-0.18867599999999998
2011-03-13,0.05239599999999999
2011-03-14,-0.11291599999999999
2011-03-15,-0.20008800000000002
2011-03-16,-0.18189999999999998
2011-03-17,-0.09622399999999999
2011-03-18,-0.063832
2011-03-19,-0.31348
2011-03-20,-0.341312
2011-03-21,-0.257876
2011-03-22,-0.020616000000000002
2011-03-23,-0.284028
2011-03-24,-0.299616
2011-03-25,-0.160504
2011-03-26,-0.375416
2011-03-27,-0.16635999999999998
2011-03-28,-0.46026000000000006
2011-03-29,-0.188524
2011-03-30,-0.117796
2011-03-31,-0.18559599999999998
2011-04-01,-0.180596
2011-04-02,-0.404688
2011-04-03,-0.25176000000000004
2011-04-04,-0.287624
2011-04-05,-0.352356
2011-04-06,-0.14396
2011-04-07,-0.30720400000000003
2011-04-08,-0.23231200000000002
2011-04-09,-0.309792
2011-04-10,-0.317372
2011-04-11,-0.135476
2011-04-12,-0.32724
2011-04-13,-0.226844
2011-04-14,-0.22313200000000002
2011-04-15,-0.296988
2011-04-16,-0.18191600000000002
2011-04-17,-0.28284
2011-04-18,-0.18445599999999998
2011-04-19,-0.20505600000000002
2011-04-20,-0.251312
2011-04-21,-0.19736521739130436
2011-04-22,-0.391188
2011-04-23,-0.19109600000000002
2011-04-24,-0.286824
2011-04-25,-0.21204800000000001
2011-04-26,-0.281652
2011-04-27,-0.185304
2011-04-28,-0.030688000000000003
2011-04-29,-0.267512
2011-04-30,-0.423108
2011-05-01,-0.01120000000000001
2011-05-02,-0.30354
2011-05-03,-0.22246000000000002
2011-05-04,-0.322932
2011-05-05,-0.28032
2011-05-06,-0.236752
2011-05-07,-0.20198800000000003
2011-05-08,-0.18086399999999997
2011-05-09,-0.14386000000000002
2011-05-10,-0.44855599999999995
2011-05-11,-0.12182399999999999
2011-05-12,-0.37926000000000004
2011-05-13,-0.291648
2011-05-14,-0.164576
2011-05-15,-0.37111199999999994
2011-05-16,-0.262956
2011-05-17,-0.2707
2011-05-18,-0.166616
2011-05-19,-0.027844
2011-05-20,-0.16809200000000002
2011-05-21,-0.186112
2011-05-22,-0.22178
2011-05-23,-0.291076
2011-05-24,-0.34827199999999997
2011-05-25,-0.24957200000000002
2011-05-26,-0.150392
2011-05-27,-0.20999600000000002
2011-05-28,-0.183164
2011-05-29,-0.235424
2011-05-30,-0.271436
2011-05-31,-0.307776
2011-06-01,-0.394104
2011-06-02,-0.35614000000000007
2011-06-03,-0.393916
2011-06-04,-0.22971599999999998
2011-06-05,-0.069656
2011-06-06,-0.254932
2011-06-07,-0.27022
2011-06-08,-0.129584
2011-06-09,-0.10316
2011-06-10,-0.11726800000000001
2011-06-11,-0.36574400000000007
2011-06-12,-0.128656
2011-06-13,-0.14949199999999999
2011-06-14,-0.295072
2011-06-15,-0.25516
2011-06-16,-0.11407199999999999
2011-06-17,-0.36763599999999996
2011-06-18,-0.14871600000000001
2011-06-19,-0.28950400000000004
2011-06-20,-0.330056
2011-06-21,-0.16535600000000003
2011-06-22,-0.217304
2011-06-23,-0.22162400000000002
2011-06-24,-0.18809599999999999
2011-06-25,-0.05316
2011-06-26,-0.264636
2011-06-27,-0.063552
2011-06-28,-0.185836
2011-06-29,-0.21194000000000002
2011-06-30,-0.28944
2011-07-01,-0.10942399999999998
2011-07-02,-0.185364
2011-07-03,-0.098284
2011-07-04,-0.091592
2011-07-05,-0.326472
2011-07-06,-0.14374
2011-07-07,-0.20535599999999998
2011-07-08,-0.299408
2011-07-09,-0.21762
2011-07-10,-0.1705
2011-07-11,-0.236792
2011-07-12,-0.303636
2011-07-13,-0.16818000000000002
2011-07-14,-0.108808
2011-07-15,-0.246684
2011-07-16,-0.246292
2011-07-17,-0.488208
2011-07-18,-0.21006799999999998
2011-07-19,-0.200908
2011-07-20,-0.15415199999999998
2011-07-21,-0.31546
2011-07-22,-0.25392
2011-07-23,-0.388364
2011-07-24,-0.219224
2011-07-25,-0.292728
2011-07-26,-0.276412
2011-07-27,-0.267168
2011-07-28,-0.30953200000000003
2011-07-29,-0.10154
2011-07-30,-0.312744
2011-07-31,-0.283548
2011-08-01,-0.455612
2011-08-02,-0.218672
2011-08-03,-0.17096400000000003
2011-08-04,-0.27628800000000003
2011-08-05,-0.26411999999999997
2011-08-06,-0.15869600000000003
2011-08-07,-0.46840400000000004
2011-08-08,-0.21943200000000002
2011-08-09,-0.46592
2011-08-10,-0.388964
2011-08-11,-0.304736
2011-08-12,-0.23152799999999998
2011-08-13,-0.29831199999999997
2011-08-14,-0.164572
2011-08-15,-0.142016
2011-08-16,-0.348232
2011-08-17,-0.288992
2011-08-18,-0.11155200000000001
2011-08-19,-0.297856
2011-08-20,-0.15784
2011-08-21,-0.278616
2011-08-22,-0.171636
2011-08-23,-0.08372
2011-08-24,-0.18016
2011-08-25,-0.186448
2011-08-26,-0.408336
2011-08-27,-0.17275600000000002
2011-08-28,-0.36336399999999996
2011-08-29,-0.242572
2011-08-30,-0.264336
2011-08-31,-0.336272
2011-09-01,-0.06776399999999999
2011-09-02,-0.164452
2011-09-03,-0.25894
2011-09-04,-0.11047599999999999
2011-09-05,-0.26584
2011-09-06,-0.18843600000000002
2011-09-07,-0.206736
2011-09-08,-0.322396
2011-09-09,-0.34037999999999996
2011-09-10,-0.229432
2011-09-11,-0.34826799999999997
2011-09-12,-0.258492
2011-09-13,-0.226776
2011-09-14,-0.326584
2011-09-15,-0.159284
2011-09-16,-0.13564400000000001
2011-09-17,-0.36207999999999996
2011-09-18,-0.21456
2011-09-19,-0.083016
2011-09-20,-0.025199999999999997
2011-09-21,-0.419352
2011-09-22,-0.224988
2011-09-23,-0.21882000000000001
2011-09-24,-0.10942
2011-09-25,-0.151328
2011-09-26,-0.132284
2011-09-27,-0.304856
2011-09-28,-0.23944400000000002
2011-09-29,-0.008520000000000002
2011-09-30,-0.159476
2011-10-01,-0.24264
2011-10-02,-0.29327200000000003
2011-10-03,-0.184368
2011-10-04,-0.230076
2011-10-05,-0.13206400000000001
2011-10-06,-0.258416
2011-10-07,-0.272684
2011-10-08,-0.24644
2011-10-09,-0.294572
2011-10-10,-0.458304
2011-10-11,-0.133716
2011-10-12,-0.252972
2011-10-13,-0.331496
2011-10-14,-0.293732
2011-10-15,-0.214676
2011-10-16,-0.347548
2011-10-17,-0.298812
2011-10-18,-0.29484
2011-10-19,-0.159516
2011-10-20,-0.021172000000000003
2011-10-21,-0.16353600000000001
2011-10-22,-0.178636
2011-10-23,-0.263768
2011-10-24,-0.249836
2011-10-25,-0.154732
2011-10-26,-0.13244
2011-10-27,-0.21818400000000002
2011-10-28,-0.240316
2011-10-29,-0.410268
2011-10-30,-0.33902
2011-10-31,-0.024644
2011-11-01,-0.07886
2011-11-02,-0.177816
2011-11-03,-0.18628400000000003
2011-11-04,-0.15912400000000002
2011-11-05,-0.299576
2011-11-06,-0.176256
2011-11-07,-0.324636
2011-11-08,-0.34373600000000004
2011-11-09,-0.255228
2011-11-10,-0.230084
2011-11-11,-0.229892
2011-11-12,-0.22236
2011-11-13,-0.38995199999999997
2011-11-14,-0.230544
2011-11-15,-0.178732
2011-11-16,-0.109224
2011-11-17,-0.294184
2011-11-18,-0.09884400000000002
2011-11-19,-0.31594
2011-11-20,-0.206128
2011-11-21,-0.34205199999999997
2011-11-22,-0.162764
2011-11-23,-0.350852
2011-11-24,-0.25354
2011-11-25,-0.20501999999999998
2011-11-26,-0.369348
2011-11-27,-0.334724
2011-11-28,-0.131524
2011-11-29,-0.184192
2011-11-30,-0.141624
2011-12-01,-0.30578
2011-12-02,-0.24832
2011-12-03,-0.152308
2011-12-04,-0.138536
2011-12-05,-0.302056
2011-12-06,-0.22046400000000002
2011-12-07,-0.225724
2011-12-08,-0.289636
2011-12-09,-0.24180799999999997
2011-12-10,-0.159108
2011-12-11,-0.239544
2011-12-12,-0.19794799999999999
2011-12-13,-0.166132
2011-12-14,-0.39367199999999997
2011-12-15,-0.293856
2011-12-16,-0.2702
2011-12-17,-0.177268
2011-12-18,-0.324016
2011-12-19,-0.315228
2011-12-20,-0.075584
2011-12-21,-0.163372
2011-12-22,-0.36940399999999995
2011-12-23,-0.328168
2011-12-24,-0.27136
2011-12-25,0.021423999999999995
2011-12-26,-0.301732
2011-12-27,-0.24383600000000002
2011-12-28,-0.28750400000000004
2011-12-29,-0.100608
2011-12-30,-0.26351600000000003
2011-12-31,-0.25673999999999997
2012-01-01,-0.189648
2012-01-02,-0.25252800000000003
2012-01-03,-0.11522
2012-01-04,-0.164468
2012-01-05,-0.320708
2012-01-06,-0.36508
2012-01-07,-0.278244
2012-01-08,-0.116656
2012-01-09,-0.116916
2012-01-10,-0.220316
2012-01-11,-0.520204
2012-01-12,-0.256628
2012-01-13,-0.339296
2012-01-14,-0.16404800000000003
2012-01-15,-0.264868
2012-01-16,-0.325388
2012-01-17,-0.226884
2012-01-18,-0.230192
2012-01-19,-0.25704
2012-01-20,-0.242436
2012-01-21,-0.27948
2012-01-22,-0.11167600000000003
2012-01-23,-0.24096399999999998
2012-01-24,-0.262264
2012-01-25,-0.225856
2012-01-26,-0.242944
2012-01-27,-0.388616
2012-01-28,-0.22324000000000002
2012-01-29,-0.24009599999999998
2012-01-30,-0.172672
2012-01-31,-0.23769200000000001
2012-02-01,-0.256584
2012-02-02,-0.15896800000000003
2012-02-03,-0.285276
2012-02-04,-0.193048
2012-02-05,-0.19503199999999998
2012-02-06,-0.332704
2012-02-07,-0.26696000000000003
2012-02-08,-0.033299999999999996
2012-02-09,-0.341808
2012-02-10,-0.20998799999999998
2012-02-11,-0.331476
2012-02-12,-0.306724
2012-02-13,-0.272848
2012-02-14,-0.211844
2012-02-15,-0.333264
2012-02-16,-0.230272
2012-02-17,-0.37974800000000003
2012-02-18,0.039951999999999994
2012-02-19,-0.312576
2012-02-20,-0.14560800000000002
2012-02-21,-0.36029200000000006
2012-02-22,-0.32860799999999996
2012-02-23,-0.185492
2012-02-24,-0.40889200000000003
2012-02-25,-0.20072800000000002
2012-02-26,-0.11808
2012-02-27,-0.23438000000000003
2012-02-28,-0.159692
2012-02-29,-0.23946
2012-03-01,-0.34072800000000003
2012-03-02,-0.21594000000000002
2012-03-03,-0.137828
2012-03-04,-0.33439599999999997
2012-03-05,-0.05723600000000001
2012-03-06,-0.16291599999999998
2012-03-07,-0.3024
2012-03-08,-0.326984
2012-03-09,-0.13902799999999998
2012-03-10,-0.312552
2012-03-11,-0.32864400000000005
2012-03-12,-0.197084
2012-03-13,-0.3295
2012-03-14,-0.25846
2012-03-15,-0.20892
2012-03-16,-0.190432
2012-03-17,-0.151068
2012-03-18,-0.28565999999999997
2012-03-19,-0.187664
2012-03-20,-0.09568
2012-03-21,-0.18264
2012-03-22,-0.36832
2012-03-23,-0.065052
2012-03-24,-0.24250799999999997
2012-03-25,-0.212648
2012-03-26,-0.01675599999999999
2012-03-27,-0.236296
2012-03-28,-0.149648
2012-03-29,-0.311672
2012-03-30,-0.268564
2012-03-31,-0.246724
2012-04-01,-0.0057079999999999995
2012-04-02,-0.09757199999999999
2012-04-03,-0.134108
2012-04-04,-0.2028
2012-04-05,-0.25194
2012-04-06,-0.195736
2012-04-07,-0.027460000000000005
2012-04-08,-0.188872
2012-04-09,-0.21311599999999997
2012-04-10,-0.215464
2012-04-11,-0.176736
2012-04-12,-0.18391199999999996
2012-04-13,-0.269044
2012-04-14,-0.19976
2012-04-15,-0.168764
2012-04-16,-0.33169600000000005
2012-04-17,-0.222508
2012-04-18,-0.273356
2012-04-19,-0.07246799999999999
2012-04-20,-0.157392
2012-04-21,-0.408388
2012-04-22,-0.255916
2012-04-23,-0.177996
2012-04-24,-0.174956
2012-04-25,-0.169648
2012-04-26,-0.19030000000000002
2012-04-27,-0.392372
2012-04-28,-0.289588
2012-04-29,-0.057687999999999996
2012-04-30,-0.195548
2012-05-01,-0.1925
2012-05-02,-0.14619200000000002
2012-05-03,-0.228776
2012-05-04,-0.216568
2012-05-05,-0.273428
2012-05-06,-0.11521200000000001
2012-05-07,-0.080684
2012-05-08,-0.22243200000000002
2012-05-09,-0.089052
2012-05-10,-0.32285600000000003
2012-05-11,-0.110496
2012-05-12,-0.148692
2012-05-13,-0.066588
2012-05-14,-0.187288
2012-05-15,-0.24223199999999998
2012-05-16,-0.317532
2012-05-17,-0.295904
2012-05-18,-0.20460799999999998
2012-05-19,-0.26758400000000004
2012-05-20,-0.234268
2012-05-21,-0.404544
2012-05-22,-0.317184
2012-05-23,-0.28881999999999997
2012-05-24,-0.29354800000000003
2012-05-25,-0.245668
2012-05-26,-0.273904
2012-05-27,-0.28108
2012-05-28,-0.038723999999999995
2012-05-29,-0.279012
2012-05-30,-0.214272
2012-05-31,-0.314228
2012-06-01,-0.444696
2012-06-02,-0.293728
2012-06-03,-0.23782
2012-06-04,-0.270636
2012-06-05,-0.187724
2012-06-06,-0.276796
2012-06-07,-0.31672
2012-06-08,-0.221672
2012-06-09,-0.313012
2012-06-10,-0.24648
2012-06-11,-0.170096
2012-06-12,-0.15816
2012-06-13,-0.14174399999999998
2012-06-14,-0.054528
2012-06-15,-0.16233599999999998
2012-06-16,-0.061135999999999996
2012-06-17,-0.22518000000000002
2012-06-18,-0.208628
2012-06-19,-0.20176000000000002
2012-06-20,-0.15365600000000001
2012-06-21,-0.286168
2012-06-22,-0.254116
2012-06-23,-0.200064
2012-06-24,-0.14380400000000002
2012-06-25,-0.133124
2012-06-26,-0.322968
2012-06-27,-0.26356
2012-06-28,-0.218496
2012-06-29,-0.27101600000000003
2012-06-30,-0.09588
2012-07-01,-0.267884
2012-07-02,-0.16267600000000002
2012-07-03,-0.348872
2012-07-04,-0.08772
2012-07-05,-0.11411199999999999
2012-07-06,-0.23381999999999997
2012-07-07,-0.339212
2012-07-08,-0.236236
2012-07-09,-0.212728
2012-07-10,-0.180396
2012-07-11,-0.252868
2012-07-12,-0.189372
2012-07-13,-0.278676
2012-07-14,-0.245236
2012-07-15,-0.35853999999999997
2012-07-16,-0.243216
2012-07-17,-0.332096
2012-07-18,-0.197992
2012-07-19,-0.11929600000000001
2012-07-20,-0.21493600000000002
2012-07-21,-0.19084
2012-07-22,-0.240704
2012-07-23,-0.280212
2012-07-24,-0.29715199999999997
2012-07-25,-0.19442
2012-07-26,-0.41497999999999996
2012-07-27,-0.075504
2012-07-28,-0.413712
2012-07-29,-0.255824
2012-07-30,-0.314292
2012-07-31,-0.261044
2012-08-01,-0.23898400000000003
2012-08-02,-0.1809
2012-08-03,-0.209236
2012-08-04,-0.269208
2012-08-05,-0.258448
2012-08-06,-0.259956
2012-08-07,-0.266064
2012-08-08,-0.31292000000000003
2012-08-09,-0.260768
2012-08-10,-0.256812
2012-08-11,-0.255012
2012-08-12,-0.287324
2012-08-13,-0.16079999999999997
2012-08-14,-0.313092
2012-08-15,-0.18014
2012-08-16,-0.29478000000000004
2012-08-17,-0.39671599999999996
2012-08-18,-0.416288
2012-08-19,-0.23894400000000002
2012-08-20,-0.33062800000000003
2012-08-21,-0.248524
2012-08-22,-0.303864
2012-08-23,-0.162056
2012-08-24,-0.35644800000000004
2012-08-25,-0.234316
2012-08-26,-0.528072
2012-08-27,-0.31880400000000003
2012-08-28,-0.290624
2012-08-29,-0.09325599999999999
2012-08-30,-0.398244
2012-08-31,-0.199432
2012-09-01,-0.06146
2012-09-02,-0.192044
2012-09-03,-0.287316
2012-09-04,-0.20314
2012-09-05,-0.309448
2012-09-06,-0.307908
2012-09-07,-0.205456
2012-09-08,-0.122852
2012-09-09,-0.14386400000000002
2012-09-10,-0.23403600000000002
2012-09-11,-0.18298000000000003
2012-09-12,-0.384028
2012-09-13,-0.21380400000000002
2012-09-14,-0.228324
2012-09-15,-0.467212
2012-09-16,-0.36656800000000006
2012-09-17,-0.381264
2012-09-18,-0.111288
2012-09-19,-0.19142
2012-09-20,-0.33861600000000003
2012-09-21,-0.403752
2012-09-22,-0.4003
2012-09-23,-0.33393999999999996
2012-09-24,-0.3246
2012-09-25,-0.154444
2012-09-26,-0.254916
2012-09-27,-0.179904
2012-09-28,-0.07558
2012-09-29,-0.251876
2012-09-30,-0.46584400000000004
2012-10-01,-0.309464
2012-10-02,-0.197412
2012-10-03,-0.307912
2012-10-04,-0.17081599999999997
2012-10-05,-0.18719999999999998
2012-10-06,-0.249072
2012-10-07,0.034124
2012-10-08,-0.09020800000000001
2012-10-09,-0.250272
2012-10-10,-0.357716
2012-10-11,-0.430368
2012-10-12,-0.152064
2012-10-13,-0.211772
2012-10-14,-0.345108
2012-10-15,-0.226436
2012-10-16,-0.257932
2012-10-17,-0.257304
2012-10-18,-0.21538000000000002
2012-10-19,-0.148424
2012-10-20,-0.1642
2012-10-21,-0.26868400000000003
2012-10-22,-0.297804
2012-10-23,-0.250772
2012-10-24,-0.33705199999999996
2012-10-25,-0.34254399999999996
2012-10-26,-0.19668400000000003
2012-10-27,-0.106004
2012-10-28,-0.35739200000000004
2012-10-29,-0.260916
2012-10-30,-0.16128399999999998
2012-10-31,-0.23896
2012-11-01,-0.327044
2012-11-02,-0.264068
2012-11-03,-0.402984
2012-11-04,-0.41194400000000003
2012-11-05,-0.20344
2012-11-06,-0.114128
2012-11-07,-0.04476000000000001
2012-11-08,-0.209736
2012-11-09,-0.265148
2012-11-10,-0.40706000000000003
2012-11-11,-0.13388
2012-11-12,-0.313064
2012-11-13,-0.23168799999999998
2012-11-14,-0.30519999999999997
2012-11-15,-0.34267200000000003
2012-11-16,-0.263492
2012-11-17,-0.21912800000000002
2012-11-18,-0.17254000000000003
2012-11-19,-0.46084800000000004
2012-11-20,-0.2808
2012-11-21,-0.291764
2012-11-22,-0.25364000000000003
2012-11-23,-0.349344
2012-11-24,-0.18973199999999998
2012-11-25,-0.208492
2012-11-26,-0.301724
2012-11-27,-0.23546
2012-11-28,-0.24427600000000002
2012-11-29,-0.226752
2012-11-30,-0.21467199999999997
2012-12-01,-0.185828
2012-12-02,-0.22529600000000002
2012-12-03,-0.289224
2012-12-04,-0.275216
2012-12-05,-0.34449199999999996
2012-12-06,-0.331356
2012-12-07,-0.20688000000000004
2012-12-08,-0.156832
2012-12-09,-0.20568799999999998
2012-12-10,-0.363228
2012-12-11,-0.286828
2012-12-12,-0.10300000000000001
2012-12-13,-0.25974
2012-12-14,-0.23284000000000002
2012-12-15,-0.196248
2012-12-16,-0.049611999999999996
2012-12-17,-0.265824
2012-12-18,-0.17839200000000002
2012-12-19,-0.360768
2012-12-20,-0.413804
2012-12-21,-0.16714400000000001
2012-12-22,-0.19323999999999997
2012-12-23,-0.18276400000000004
2012-12-24,-0.34275599999999995
2012-12-25,-0.32340800000000003
2012-12-26,-0.253252
2012-12-27,-0.213844
2012-12-28,-0.246672
2012-12-29,-0.308124
2012-12-30,-0.318312
2012-12-31,-0.28826799999999997
2013-01-01,-0.29365199999999997
2013-01-02,-0.33202
2013-01-03,-0.254364
2013-01-04,-0.335036
2013-01-05,-0.327204
2013-01-06,-0.318904
2013-01-07,-0.226172
2013-01-08,-0.20590399999999998
2013-01-09,-0.315556
2013-01-10,-0.231956
2013-01-11,-0.203876
2013-01-12,-0.222648
2013-01-13,-0.132632
2013-01-14,-0.19866
2013-01-15,-0.295528
2013-01-16,-0.175748
2013-01-17,-0.23592
2013-01-18,-0.156388
2013-01-19,-0.09917999999999999
2013-01-20,-0.227776
2013-01-21,-0.232376
2013-01-22,-0.16954
2013-01-23,-0.267864
2013-01-24,-0.283708
2013-01-25,-0.20679999999999998
2013-01-26,-0.158976
2013-01-27,-0.23720000000000002
2013-01-28,-0.19108
2013-01-29,-0.1523
2013-01-30,-0.21860799999999997
2013-01-31,-0.181232
2013-02-01,-0.177672
2013-02-02,-0.23070000000000002
2013-02-03,-0.144828
2013-02-04,-0.138488
2013-02-05,-0.27064
2013-02-06,-0.279124
2013-02-07,-0.029752
2013-02-08,-0.427256
2013-02-09,-0.274916
2013-02-10,-0.321164
2013-02-11,-0.06650400000000001
2013-02-12,-0.19455199999999997
2013-02-13,-0.18624000000000002
2013-02-14,-0.379672
2013-02-15,-0.25223599999999996
2013-02-16,-0.067184
2013-02-17,-0.25074799999999997
2013-02-18,-0.26788
2013-02-19,-0.07753199999999999
2013-02-20,-0.261028
2013-02-21,-0.294824
2013-02-22,-0.277764
2013-02-23,-0.179708
2013-02-24,-0.263984
2013-02-25,-0.16420400000000002
2013-02-26,-0.252052
2013-02-27,-0.371552
2013-02-28,-0.25336400000000003
2013-03-01,-0.22408
2013-03-02,-0.318596
2013-03-03,-0.24963999999999997
2013-03-04,-0.002339999999999993
2013-03-05,-0.382988
2013-03-06,-0.149388
2013-03-07,-0.13989200000000002
2013-03-08,-0.191752
2013-03-09,-0.17356000000000002
2013-03-10,-0.316948
2013-03-11,-0.31918399999999997
2013-03-12,-0.272528
2013-03-13,-0.20974399999999999
2013-03-14,0.04971999999999999
2013-03-15,-0.198244
2013-03-16,-0.231648
2013-03-17,-0.199404
2013-03-18,-0.30298400000000003
2013-03-19,-0.28255600000000003
2013-03-20,-0.302616
2013-03-21,-0.255252
2013-03-22,-0.19750800000000002
2013-03-23,-0.23997999999999997
2013-03-24,-0.35635599999999995
2013-03-25,-0.157916
2013-03-26,-0.228568
2013-03-27,-0.165716
2013-03-28,-0.21752
2013-03-29,-0.234204
2013-03-30,-0.310164
2013-03-31,-0.20724399999999998
2013-04-01,-0.272268
2013-04-02,-0.28422000000000003
2013-04-03,-0.18945599999999999
2013-04-04,-0.21778399999999998
2013-04-05,-0.145652
2013-04-06,-0.255892
2013-04-07,-0.41468000000000005
2013-04-08,-0.169456
2013-04-09,-0.19830399999999998
2013-04-10,-0.085676
2013-04-11,-0.14057599999999998
2013-04-12,-0.06320400000000001
2013-04-13,-0.127436
2013-04-14,-0.18896000000000002
2013-04-15,-0.14822000000000002
2013-04-16,-0.290152
2013-04-17,-0.239556
2013-04-18,-0.246408
2013-04-19,-0.07323600000000001
2013-04-20,-0.28110799999999997
2013-04-21,-0.196004
2013-04-22,-0.279072
2013-04-23,-0.311324
2013-04-24,-0.191616
2013-04-25,-0.18063600000000002
2013-04-26,-0.361988
2013-04-27,-0.299484
2013-04-28,-0.379624
2013-04-29,-0.371012
2013-04-30,-0.140144
2013-05-01,-0.182252
2013-05-02,-0.346816
2013-05-03,-0.22399999999999998
2013-05-04,-0.314648
2013-05-05,-0.173108
2013-05-06,-0.25876
2013-05-07,-0.259888
2013-05-08,-0.19602
2013-05-09,-0.31286
2013-05-10,-0.16738399999999998
2013-05-11,-0.29277200000000003
2013-05-12,-0.270376
2013-05-13,-0.38946
2013-05-14,-0.129132
2013-05-15,-0.222272
2013-05-16,-0.292592
2013-05-17,-0.348532
2013-05-18,-0.16628800000000002
2013-05-19,-0.1779
2013-05-20,-0.14216
2013-05-21,-0.086888
2013-05-22,-0.272428
2013-05-23,-0.38325200000000004
2013-05-24,-0.145908
2013-05-25,-0.35458
2013-05-26,-0.387048
2013-05-27,-0.27316
2013-05-28,-0.3796
2013-05-29,-0.176404
2013-05-30,-0.35733200000000004
2013-05-31,-0.19837600000000002
2013-06-01,-0.123396
2013-06-02,-0.251144
2013-06-03,-0.40678
2013-06-04,-0.078628
2013-06-05,-0.28512
2013-06-06,-0.226936
2013-06-07,-0.12237199999999998
2013-06-08,-0.113216
2013-06-09,-0.25447600000000004
2013-06-10,-0.03488000000000001
2013-06-11,-0.035416
2013-06-12,-0.29133200000000004
2013-06-13,-0.087836
2013-06-14,-0.199544
2013-06-15,-0.206568
2013-06-16,-0.215732
2013-06-17,-0.165068
2013-06-18,-0.27402
2013-06-19,-0.26624
2013-06-20,-0.198032
2013-06-21,-0.23235999999999998
2013-06-22,-0.29056
2013-06-23,-0.23860800000000001
2013-06-24,-0.29038
2013-06-25,-0.142468
2013-06-26,-0.076628
2013-06-27,-0.098308
2013-06-28,-0.22654400000000002
2013-06-29,-0.290552
2013-06-30,-0.154364
2013-07-01,-0.04920000000000001
2013-07-02,-0.20715599999999998
2013-07-03,-0.14858
2013-07-04,-0.091424
2013-07-05,-0.051232
2013-07-06,-0.182272
2013-07-07,-0.17644400000000002
2013-07-08,-0.19299599999999997
2013-07-09,-0.11686400000000001
2013-07-10,-0.332132
2013-07-11,-0.198484
2013-07-12,0.001871999999999998
2013-07-13,-0.312512
2013-07-14,-0.203156
2013-07-15,-0.06312
2013-07-16,-0.191132
2013-07-17,-0.311812
2013-07-18,-0.36796799999999996
2013-07-19,-0.29120799999999997
2013-07-20,-0.320096
2013-07-21,-0.280136
2013-07-22,-0.320004
2013-07-23,-0.249544
2013-07-24,-0.410468
2013-07-25,-0.234568
2013-07-26,-0.22364
2013-07-27,-0.32095599999999996
2013-07-28,-0.414672
2013-07-29,-0.335124
2013-07-30,-0.370796
2013-07-31,-0.135296
2013-08-01,-0.23115200000000002
2013-08-02,-0.11418800000000001
2013-08-03,-0.29499200000000003
2013-08-04,0.01664
2013-08-05,-0.237888
2013-08-06,-0.128272
2013-08-07,-0.241696
2013-08-08,-0.173668
2013-08-09,-0.15092
2013-08-10,-0.251068
2013-08-11,-0.14558400000000002
2013-08-12,-0.191448
2013-08-13,-0.265928
2013-08-14,-0.23351599999999997
2013-08-15,-0.359548
2013-08-16,-0.10978
2013-08-17,-0.09215200000000001
2013-08-18,-0.334168
2013-08-19,-0.308512
2013-08-20,-0.32832
2013-08-21,-0.36243200000000003
2013-08-22,-0.316776
2013-08-23,-0.340208
2013-08-24,-0.129224
2013-08-25,-0.260076
2013-08-26,-0.224912
2013-08-27,-0.210316
2013-08-28,-0.100928
2013-08-29,-0.257384
2013-08-30,-0.191084
2013-08-31,-0.36406800000000006
2013-09-01,-0.132752
2013-09-02,-0.28126
2013-09-03,-0.09466399999999998
2013-09-04,-0.19232
2013-09-05,-0.22778400000000001
2013-09-06,-0.160736
2013-09-07,-0.1954
2013-09-08,-0.271296
2013-09-09,-0.260232
2013-09-10,-0.28887599999999997
2013-09-11,-0.114384
2013-09-12,-0.12382
2013-09-13,-0.372292
2013-09-14,-0.215532
2013-09-15,-0.17148000000000002
2013-09-16,-0.12265599999999999
2013-09-17,-0.403024
2013-09-18,-0.1165
2013-09-19,-0.263796
2013-09-20,-0.269864
2013-09-21,-0.288524
2013-09-22,-0.334124
2013-09-23,-0.443676
2013-09-24,-0.34055599999999997
2013-09-25,-0.2075
2013-09-26,-0.11820800000000001
2013-09-27,-0.07694
2013-09-28,-0.138776
2013-09-29,-0.26934
2013-09-30,-0.273176
2013-10-01,-0.19626800000000003
2013-10-02,-0.363672
2013-10-03,-0.18693200000000001
2013-10-04,-0.24114000000000002
2013-10-05,-0.19064
2013-10-06,-0.143496
2013-10-07,-0.198704
2013-10-08,0.06952799999999999
2013-10-09,-0.23632799999999998
2013-10-10,-0.040972
2013-10-11,-0.178348
2013-10-12,-0.08405599999999999
2013-10-13,-0.068168
2013-10-14,-0.040999999999999995
2013-10-15,-0.034460000000000005
2013-10-16,-0.179096
2013-10-17,-0.238552
2013-10-18,-0.456552
2013-10-19,-0.301368
2013-10-20,-0.360552
2013-10-21,-0.142612
2013-10-22,-0.21684799999999999
2013-10-23,-0.197928
2013-10-24,-0.128544
2013-10-25,-0.09455999999999999
2013-10-26,-0.26702000000000004
2013-10-27,-0.11176
2013-10-28,-0.206148
2013-10-29,-0.227776
2013-10-30,-0.178348
2013-10-31,-0.2408
2013-11-01,-0.0787
2013-11-02,-0.244056
2013-11-03,-0.119888
2013-11-04,-0.396532
2013-11-05,-0.337892
2013-11-06,-0.289276
2013-11-07,-0.273808
2013-11-08,-0.049748
2013-11-09,-0.32697199999999993
2013-11-10,-0.010120000000000002
2013-11-11,-0.144452
2013-11-12,-0.234056
2013-11-13,-0.282868
2013-11-14,-0.363412
2013-11-15,-0.09608
2013-11-16,-0.314068
2013-11-17,-0.24069600000000002
2013-11-18,-0.18365199999999998
2013-11-19,-0.23315999999999998
2013-11-20,-0.035496
2013-11-21,-0.15625599999999998
2013-11-22,-0.16315200000000002
2013-11-23,-0.24504
2013-11-24,-0.20552399999999998
2013-11-25,-0.15258
2013-11-26,-0.209492
2013-11-27,-0.277984
2013-11-28,-0.15753999999999999
2013-11-29,-0.218196
2013-11-30,-0.2261
2013-12-01,-0.05720000000000001
2013-12-02,-0.345912
2013-12-03,-0.163992
2013-12-04,-0.228704
2013-12-05,-0.23571999999999999
2013-12-06,-0.19491599999999998
2013-12-07,-0.254668
2013-12-08,-0.261576
2013-12-09,-0.188
2013-12-10,-0.11014800000000001
2013-12-11,-0.06452
2013-12-12,-0.296812
2013-12-13,-0.303608
2013-12-14,-0.155076
2013-12-15,-0.19765999999999997
2013-12-16,-0.23621999999999999
2013-12-17,-0.14800000000000002
2013-12-18,-0.177148
2013-12-19,-0.07821600000000001
2013-12-20,-0.320484
2013-12-21,-0.137028
2013-12-22,-0.32986400000000005
2013-12-23,-0.355068
2013-12-24,-0.212612
2013-12-25,-0.250512
2013-12-26,-0.281448
2013-12-27,-0.341888
2013-12-28,-0.297588
2013-12-29,-0.199552
2013-12-30,-0.25695599999999996
2013-12-31,-0.08027200000000001
2014-01-01,-0.12100800000000002
2014-01-02,-0.092668
2014-01-03,-0.163776
2014-01-04,-0.21474800000000002
2014-01-05,-0.308148
2014-01-06,-0.33596400000000004
2014-01-07,-0.257396
2014-01-08,-0.23996800000000001
2014-01-09,-0.20772000000000002
2014-01-10,-0.21346800000000002
2014-01-11,-0.31138
2014-01-12,-0.236552
2014-01-13,-0.31674
2014-01-14,-0.17677600000000002
2014-01-15,-0.24509999999999998
2014-01-16,-0.143968
2014-01-17,-0.11523199999999999
2014-01-18,-0.269036
2014-01-19,-0.25552800000000003
2014-01-20,-0.014792000000000001
2014-01-21,-0.27055599999999996
2014-01-22,-0.279576
2014-01-23,-0.237464
2014-01-24,-0.171924
2014-01-25,-0.22111599999999998
2014-01-26,-0.19384800000000002
2014-01-27,-0.38683999999999996
2014-01-28,-0.08764
2014-01-29,-0.220684
2014-01-30,-0.303932
2014-01-31,-0.250868
2014-02-01,-0.028076000000000004
2014-02-02,-0.19426000000000002
2014-02-03,-0.314604
2014-02-04,-0.130668
2014-02-05,-0.24856
2014-02-06,-0.089736
2014-02-07,-0.069096
2014-02-08,-0.244884
2014-02-09,-0.0694
2014-02-10,-0.113248
2014-02-11,-0.19947600000000001
2014-02-12,-0.09601600000000002
2014-02-13,-0.18287199999999998
2014-02-14,-0.03511199999999999
2014-02-15,-0.262492
2014-02-16,-0.19025999999999998
2014-02-17,-0.202132
2014-02-18,-0.336152
2014-02-19,-0.25514
2014-02-20,-0.24410800000000002
2014-02-21,-0.268388
2014-02-22,-0.145128
2014-02-23,-0.198612
2014-02-24,-0.16118
2014-02-25,-0.235352
2014-02-26,-0.190684
2014-02-27,-0.06109200000000001
2014-02-28,-0.1481
2014-03-01,-0.218712
2014-03-02,-0.30456799999999995
2014-03-03,-0.09472399999999999
2014-03-04,-0.18488
2014-03-05,-0.091312
2014-03-06,-0.193628
2014-03-07,-0.271584
2014-03-08,-0.191904
2014-03-09,-0.326036
2014-03-10,-0.308568
2014-03-11,-0.26490400000000003
2014-03-12,-0.195824
2014-03-13,-0.02609599999999999
2014-03-14,-0.04912400000000001
2014-03-15,-0.206616
2014-03-16,-0.251052
2014-03-17,-0.22374000000000002
2014-03-18,-0.042744
2014-03-19,-0.251272
2014-03-20,-0.143972
2014-03-21,-0.11741199999999999
2014-03-22,-0.15555600000000003
2014-03-23,-0.012647999999999998
2014-03-24,-0.152024
2014-03-25,-0.205752
2014-03-26,-0.249788
2014-03-27,-0.222764
2014-03-28,-0.223816
2014-03-29,-0.11686
2014-03-30,-0.2565
2014-03-31,-0.08571200000000001
2014-04-01,-0.239116
2014-04-02,-0.239288
2014-04-03,-0.18051999999999999
2014-04-04,-0.216292
2014-04-05,-0.131352
2014-04-06,-0.208624
2014-04-07,-0.172828
2014-04-08,-0.14316399999999999
2014-04-09,-0.172936
2014-04-10,-0.28887999999999997
2014-04-11,-0.15686
2014-04-12,-0.21206399999999997
2014-04-13,-0.189212
2014-04-14,-0.060703999999999994
2014-04-15,-0.138792
2014-04-16,-0.18742799999999998
2014-04-17,-0.055868
2014-04-18,-0.230704
2014-04-19,-0.26736
2014-04-20,-0.278236
2014-04-21,-0.27488399999999996
2014-04-22,-0.176624
2014-04-23,-0.157864
2014-04-24,-0.204472
2014-04-25,-0.267728
2014-04-26,-0.138544
2014-04-27,-0.212252
2014-04-28,-0.160336
2014-04-29,-0.091
2014-04-30,-0.18745599999999998
2014-05-01,-0.23185200000000003
2014-05-02,-0.14708
2014-05-03,-0.293664
2014-05-04,-0.340488
2014-05-05,-0.14342
2014-05-06,-0.32913200000000004
2014-05-07,-0.32467599999999996
2014-05-08,-0.152396
2014-05-09,-0.17096
2014-05-10,-0.258556
2014-05-11,-0.138172
2014-05-12,-0.18401199999999998
2014-05-13,-0.17818799999999999
2014-05-14,-0.326356
2014-05-15,-0.173348
2014-05-16,-0.309452
2014-05-17,-0.277388
2014-05-18,-0.134128
2014-05-19,-0.102912
2014-05-20,-0.057187999999999996
2014-05-21,-0.247636
2014-05-22,-0.21605999999999997
2014-05-23,-0.23014799999999996
2014-05-24,-0.020687999999999998
2014-05-25,-0.195124
2014-05-26,-0.039604
2014-05-27,-0.14229599999999998
2014-05-28,-0.197412
2014-05-29,-0.227392
2014-05-30,-0.242944
2014-05-31,-0.12479599999999999
2014-06-01,-0.16584800000000002
2014-06-02,-0.180504
2014-06-03,-0.09408799999999999
2014-06-04,-0.07005600000000001
2014-06-05,-0.173032
2014-06-06,-0.042395999999999996
2014-06-07,-0.056440000000000004
2014-06-08,-0.202092
2014-06-09,-0.22743200000000002
2014-06-10,-0.104308
2014-06-11,-0.08209600000000002
2014-06-12,-0.272764
2014-06-13,-0.16042
2014-06-14,-0.13327999999999998
2014-06-15,-0.15034
2014-06-16,-0.024059999999999998
2014-06-17,-0.10622
2014-06-18,-0.205472
2014-06-19,-0.14560800000000002
2014-06-20,-0.137172
2014-06-21,-0.277632
2014-06-22,-0.1032
2014-06-23,-0.30684
2014-06-24,-0.23774
2014-06-25,-0.210988
2014-06-26,-0.14818
2014-06-27,-0.267208
2014-06-28,-0.13984
2014-06-29,-0.19159199999999998
2014-06-30,-0.32699600000000006
2014-07-01,-0.20600000000000002
2014-07-02,-0.35156
2014-07-03,-0.081464
2014-07-04,-0.246624
2014-07-05,-0.327408
2014-07-06,-0.25684
2014-07-07,-0.148756
2014-07-08,-0.171828
2014-07-09,-0.293552
2014-07-10,-0.10446799999999999
2014-07-11,-0.244916
2014-07-12,-0.131724
2014-07-13,-0.368956
2014-07-14,-0.179272
2014-07-15,-0.16825600000000002
2014-07-16,-0.251984
2014-07-17,-0.137612
2014-07-18,-0.288556
2014-07-19,-0.45057600000000003
2014-07-20,-0.277192
2014-07-21,-0.434116
2014-07-22,-0.15161999999999998
2014-07-23,-0.43752800000000003
2014-07-24,-0.39886000000000005
2014-07-25,-0.228976
2014-07-26,-0.31091599999999997
2014-07-27,-0.41001600000000005
2014-07-28,-0.10691200000000001
2014-07-29,-0.08860000000000001
2014-07-30,-0.18641199999999997
2014-07-31,-0.33252000000000004
2014-08-01,-0.32821599999999995
2014-08-02,-0.303792
2014-08-03,-0.41011600000000004
2014-08-04,-0.24772399999999997
2014-08-05,-0.193416
2014-08-06,-0.371356
2014-08-07,-0.25040399999999996
2014-08-08,-0.18782800000000002
2014-08-09,-0.205976
2014-08-10,-0.23203200000000002
2014-08-11,-0.30892
2014-08-12,-0.183428
2014-08-13,-0.077776
2014-08-14,-0.128536
2014-08-15,-0.224984
2014-08-16,-0.228508
2014-08-17,-0.091256
2014-08-18,-0.1041
2014-08-19,-0.25113199999999997
2014-08-20,-0.164024
2014-08-21,-0.32802
2014-08-22,-0.283716
2014-08-23,-0.36373199999999994
2014-08-24,-0.146592
2014-08-25,-0.199316
2014-08-26,-0.179012
2014-08-27,-0.296144
2014-08-28,-0.34875999999999996
2014-08-29,-0.2668
2014-08-30,-0.20938800000000002
2014-08-31,-0.32595199999999996
2014-09-01,-0.11584799999999999
2014-09-02,-0.25451999999999997
2014-09-03,-0.202936
2014-09-04,-0.18223199999999998
2014-09-05,-0.164936
2014-09-06,-0.20455600000000002
2014-09-07,-0.204208
2014-09-08,-0.252684
2014-09-09,-0.21796800000000002
2014-09-10,-0.028543999999999993
2014-09-11,-0.131688
2014-09-12,-0.13781600000000002
2014-09-13,-0.245644
2014-09-14,-0.08524
2014-09-15,-0.118872
2014-09-16,-0.10030000000000001
2014-09-17,-0.19928
2014-09-18,-0.19413599999999998
2014-09-19,-0.099496
2014-09-20,-0.16232
2014-09-21,-0.280404
2014-09-22,-0.106708
2014-09-23,-0.134048
2014-09-24,-0.070404
2014-09-25,-0.10379200000000001
2014-09-26,-0.08630399999999999
2014-09-27,-0.15854000000000001
2014-09-28,-0.283532
2014-09-29,-0.26577199999999995
2014-09-30,-0.18635199999999996
2014-10-01,-0.141084
2014-10-02,-0.127584
2014-10-03,-0.209588
2014-10-04,-0.200736
2014-10-05,-0.092216
2014-10-06,-0.156964
2014-10-07,-0.11038
2014-10-08,-0.21380400000000002
2014-10-09,-0.141108
2014-10-10,-0.291476
2014-10-11,-0.144344
2014-10-12,-0.252956
2014-10-13,-0.156092
2014-10-14,-0.26893999999999996
2014-10-15,-0.197368
2014-10-16,-0.007380000000000002
2014-10-17,-0.18345199999999998
2014-10-18,-0.106492
2014-10-19,-0.121228
2014-10-20,-0.171376
2014-10-21,-0.227592
2014-10-22,-0.004775999999999992
2014-10-23,-0.22738399999999998
2014-10-24,-0.306508
2014-10-25,-0.244492
2014-10-26,-0.219372
2014-10-27,-0.17796
2014-10-28,-0.106336
2014-10-29,0.132324
2014-10-30,-0.034112
2014-10-31,-0.18727999999999997
2014-11-01,-0.235872
2014-11-02,-0.15350000000000003
2014-11-03,-0.016224
2014-11-04,-0.153248
2014-11-05,-0.194124
2014-11-06,-0.24608799999999997
2014-11-07,-0.177156
2014-11-08,-0.128672
2014-11-09,-0.122992
2014-11-10,-0.22217199999999998
2014-11-11,-0.049172
2014-11-12,-0.278584
2014-11-13,-0.10184800000000001
2014-11-14,-0.253628
2014-11-15,-0.13434
2014-11-16,-0.293196
2014-11-17,-0.228532
2014-11-18,-0.23823999999999998
2014-11-19,-0.17192799999999997
2014-11-20,-0.39874000000000004
2014-11-21,-0.170032
2014-11-22,-0.344384
2014-11-23,-0.22302799999999998
2014-11-24,-0.138144
2014-11-25,-0.23819600000000002
2014-11-26,-0.201708
2014-11-27,-0.219536
2014-11-28,-0.24404
2014-11-29,-0.301328
2014-11-30,-0.34397599999999995
2014-12-01,-0.207108
2014-12-02,0.0007479999999999976
2014-12-03,-0.27409599999999995
2014-12-04,-0.35883200000000004
2014-12-05,-0.188132
2014-12-06,-0.20488399999999998
2014-12-07,-0.324332
2014-12-08,-0.2458
2014-12-09,-0.20464
2014-12-10,-0.349352
2014-12-11,-0.12794800000000003
2014-12-12,-0.107848
2014-12-13,-0.27572800000000003
2014-12-14,-0.259884
2014-12-15,-0.168824
2014-12-16,-0.358176
2014-12-17,-0.34905200000000003
2014-12-18,-0.351488
2014-12-19,-0.208348
2014-12-20,-0.311432
2014-12-21,-0.351876
2014-12-22,-0.075976
2014-12-23,-0.238412
2014-12-24,-0.202652
2014-12-25,-0.318724
2014-12-26,-0.26368
2014-12-27,-0.18096
2014-12-28,-0.2552
2014-12-29,-0.258596
2014-12-30,-0.21634799999999998
2014-12-31,-0.244408
2015-01-01,-0.20338799999999999
2015-01-02,-0.254612
2015-01-03,-0.267104
2015-01-04,-0.255316
2015-01-05,-0.246456
2015-01-06,-0.176692
2015-01-07,-0.224136
2015-01-08,-0.451788
2015-01-09,-0.397596
2015-01-10,-0.35452
2015-01-11,-0.258212
2015-01-12,-0.273492
2015-01-13,-0.264844
2015-01-14,-0.35659599999999997
2015-01-15,-0.081432
2015-01-16,-0.259448
2015-01-17,-0.136728
2015-01-18,-0.265132
2015-01-19,-0.185416
2015-01-20,-0.152848
2015-01-21,-0.251924
2015-01-22,-0.39051600000000003
2015-01-23,-0.22444
2015-01-24,-0.17249199999999998
2015-01-25,-0.295568
2015-01-26,-0.18590800000000002
2015-01-27,-0.218884
2015-01-28,-0.18532
2015-01-29,-0.279768
2015-01-30,-0.164016
2015-01-31,-0.237236
2015-02-01,-0.20887599999999998
2015-02-02,-0.286372
2015-02-03,-0.125304
2015-02-04,-0.37770400000000004
2015-02-05,-0.071944
2015-02-06,-0.15486
2015-02-07,-0.198944
2015-02-08,-0.201448
2015-02-09,-0.21621600000000002
2015-02-10,-0.186996
2015-02-11,-0.246248
2015-02-12,-0.178792
2015-02-13,-0.346636
2015-02-14,-0.147828
2015-02-15,-0.279996
2015-02-16,-0.351684
2015-02-17,-0.329308
2015-02-18,-0.350304
2015-02-19,-0.031892000000000004
2015-02-20,-0.278936
2015-02-21,-0.340716
2015-02-22,-0.26686
2015-02-23,-0.09483599999999999
2015-02-24,-0.155344
2015-02-25,-0.196012
2015-02-26,-0.320816
2015-02-27,-0.11101599999999999
2015-02-28,-0.268964
2015-03-01,-0.22357200000000002
2015-03-02,-0.18537199999999998
2015-03-03,-0.048624
2015-03-04,-0.264948
2015-03-05,-0.255272
2015-03-06,-0.34403999999999996
2015-03-07,-0.20136400000000002
2015-03-08,-0.229996
2015-03-09,-0.29538
2015-03-10,-0.125504
2015-03-11,-0.168488
2015-03-12,-0.117788
2015-03-13,-0.078
2015-03-14,-0.136532
2015-03-15,-0.1562
2015-03-16,-0.230096
2015-03-17,0.0279
2015-03-18,-0.053556
2015-03-19,0.027659999999999997
2015-03-20,-0.23842
2015-03-21,-0.16623200000000002
2015-03-22,-0.085732
2015-03-23,-0.183592
2015-03-24,-0.013076000000000003
2015-03-25,-0.126344
2015-03-26,-0.16178
2015-03-27,-0.09211200000000001
2015-03-28,-0.060624000000000004
2015-03-29,-0.221228
2015-03-30,-0.342568
2015-03-31,-0.18726800000000002
2015-04-01,-0.129096
2015-04-02,-0.29109999999999997
2015-04-03,-0.032884000000000004
2015-04-04,-0.10915600000000002
2015-04-05,-0.244636
2015-04-06,-0.11068
2015-04-07,-0.259764
2015-04-08,-0.225608
2015-04-09,-0.145476
2015-04-10,-0.149852
2015-04-11,-0.077688
2015-04-12,-0.27776
2015-04-13,-0.16194
2015-04-14,-0.13460799999999998
2015-04-15,-0.1886
2015-04-16,-0.120364
2015-04-17,-0.13213999999999998
2015-04-18,-0.168036
2015-04-19,-0.13914
2015-04-20,-0.238508
2015-04-21,-0.20058
2015-04-22,-0.081288
2015-04-23,-0.18988
2015-04-24,-0.16898
2015-04-25,-0.158824
2015-04-26,-0.245396
2015-04-27,-0.21422799999999997
2015-04-28,-0.151416
2015-04-29,-0.061900000000000004
2015-04-30,-0.168764
2015-05-01,-0.281584
2015-05-02,-0.206372
2015-05-03,-0.200668
2015-05-04,-0.337592
2015-05-05,-0.18962800000000002
2015-05-06,-0.15233999999999998
2015-05-07,-0.135912
2015-05-08,-0.037008
2015-05-09,-0.20728000000000002
2015-05-10,-0.18869600000000003
2015-05-11,-0.099944
2015-05-12,-0.131832
2015-05-13,-0.186292
2015-05-14,-0.244244
2015-05-15,-0.321532
2015-05-16,-0.195988
2015-05-17,-0.321036
2015-05-18,-0.314328
2015-05-19,-0.268924
2015-05-20,-0.22741599999999998
2015-05-21,-0.052975999999999995
2015-05-22,-0.018276
2015-05-23,-0.27805599999999997
2015-05-24,-0.18933599999999998
2015-05-25,-0.146788
2015-05-26,-0.251196
2015-05-27,-0.251372
2015-05-28,-0.190748
2015-05-29,-0.127464
2015-05-30,-0.11754800000000001
2015-05-31,-0.37248
2015-06-01,-0.33773600000000004
2015-06-02,-0.106784
2015-06-03,-0.133844
2015-06-04,-0.06307199999999999
2015-06-05,-0.03426399999999999
2015-06-06,-0.26304
2015-06-07,-0.11897600000000001
2015-06-08,-0.019023999999999996
2015-06-09,-0.126724
2015-06-10,-0.15621600000000002
2015-06-11,-0.05373200000000001
2015-06-12,-0.11942399999999999
2015-06-13,-0.083084
2015-06-14,-0.19860399999999998
2015-06-15,-0.125328
2015-06-16,-0.15689599999999998
2015-06-17,-0.253616
2015-06-18,-0.05248
2015-06-19,-0.231756
2015-06-20,-0.134852
2015-06-21,-0.212012
2015-06-22,-0.111312
2015-06-23,-0.14401999999999998
2015-06-24,-0.12614
2015-06-25,-0.132032
2015-06-26,-0.169864
2015-06-27,-0.2614
2015-06-28,-0.240932
2015-06-29,-0.118748
2015-06-30,-0.140868
2015-07-01,-0.21753599999999998
2015-07-02,-0.19358799999999998
2015-07-03,-0.107964
2015-07-04,-0.186704
2015-07-05,-0.050648
2015-07-06,-0.309308
2015-07-07,-0.296248
2015-07-08,-0.085816
2015-07-09,-0.274804
2015-07-10,-0.07658000000000001
2015-07-11,-0.195568
2015-07-12,-0.220352
2015-07-13,-0.18578
2015-07-14,-0.129052
2015-07-15,-0.14396
2015-07-16,0.02006000000000001
2015-07-17,-0.21928
2015-07-18,-0.122224
2015-07-19,-0.216524
2015-07-20,-0.118748
2015-07-21,-0.12034799999999998
2015-07-22,-0.225364
2015-07-23,-0.206784
2015-07-24,-0.124784
2015-07-25,-0.345052
2015-07-26,-0.185484
2015-07-27,-0.330076
2015-07-28,-0.25832
2015-07-29,-0.22155999999999998
2015-07-30,-0.194848
2015-07-31,-0.153304
2015-08-01,-0.111864
2015-08-02,-0.24578400000000003
2015-08-03,-0.314044
2015-08-04,-0.21828
2015-08-05,-0.249924
2015-08-06,-0.161956
2015-08-07,-0.374364
2015-08-08,-0.258264
2015-08-09,-0.1814
2015-08-10,-0.150204
2015-08-11,-0.196448
2015-08-12,-0.171964
2015-08-13,-0.07068
2015-08-14,-0.17702400000000001
2015-08-15,-0.140124
2015-08-16,-0.21033200000000002
2015-08-17,-0.229984
2015-08-18,-0.16716
2015-08-19,-0.069564
2015-08-20,-0.17799199999999998
2015-08-21,-0.090672
2015-08-22,-0.271072
2015-08-23,-0.06709999999999999
2015-08-24,-0.21844000000000002
2015-08-25,-0.118084
2015-08-26,-0.1684
2015-08-27,-0.265596
2015-08-28,-0.269948
2015-08-29,-0.34738399999999997
2015-08-30,-0.277052
2015-08-31,-0.24221600000000001
2015-09-01,-0.14205600000000002
2015-09-02,-0.277148
2015-09-03,-0.124788
2015-09-04,-0.20083600000000001
2015-09-05,-0.014552
2015-09-06,-0.024984000000000003
2015-09-07,-0.18323600000000004
2015-09-08,-0.222696
2015-09-09,-0.095004
2015-09-10,-0.20463599999999998
2015-09-11,-0.11709199999999999
2015-09-12,-0.182696
2015-09-13,-0.23848
2015-09-14,-0.121456
2015-09-15,-0.20151599999999997
2015-09-16,-0.165608
2015-09-17,-0.12546
2015-09-18,-0.07551999999999999
2015-09-19,-0.178832
2015-09-20,-0.251428
2015-09-21,-0.198292
2015-09-22,-0.224912
2015-09-23,-0.205004
2015-09-24,-0.34284
2015-09-25,-0.11161599999999998
2015-09-26,-0.299916
2015-09-27,-0.2097
2015-09-28,-0.037408000000000004
2015-09-29,-0.208584
2015-09-30,-0.10862
2015-10-01,-0.16792400000000002
2015-10-02,-0.299304
2015-10-03,-0.254184
2015-10-04,-0.239604
2015-10-05,-0.164312
2015-10-06,-0.246448
2015-10-07,-0.041424
2015-10-08,-0.19986399999999999
2015-10-09,-0.149288
2015-10-10,-0.187212
2015-10-11,-0.304908
2015-10-12,-0.261764
2015-10-13,-0.170692
2015-10-14,-0.19718
2015-10-15,-0.2144
2015-10-16,-0.09378399999999999
2015-10-17,-0.221688
2015-10-18,-0.23428000000000002
2015-10-19,-0.290812
2015-10-20,-0.220032
2015-10-21,-0.173264
2015-10-22,-0.23597200000000002
2015-10-23,-0.229572
2015-10-24,-0.03598799999999998
2015-10-25,-0.09281199999999998
2015-10-26,-0.19172
2015-10-27,-0.134512
2015-10-28,-0.0933
2015-10-29,-0.1702
2015-10-30,-0.22238
2015-10-31,-0.161404
2015-11-01,-0.120956
2015-11-02,-0.146512
2015-11-03,-0.219328
2015-11-04,-0.087772
2015-11-05,-0.044231999999999994
2015-11-06,-0.15442
2015-11-07,-0.188872
2015-11-08,-0.137496
2015-11-09,-0.128752
2015-11-10,-0.35263600000000006
2015-11-11,-0.12387599999999999
2015-11-12,-0.153752
2015-11-13,-0.293896
2015-11-14,-0.46182
2015-11-15,-0.506128
2015-11-16,-0.335584
2015-11-17,-0.269392
2015-11-18,-0.464148
2015-11-19,-0.324596
2015-11-20,-0.288756
2015-11-21,-0.360756
2015-11-22,-0.296472
2015-11-23,-0.201304
2015-11-24,-0.089436
2015-11-25,-0.211404
2015-11-26,-0.276508
2015-11-27,-0.123524
2015-11-28,-0.29762
2015-11-29,-0.330684
2015-11-30,-0.121796
2015-12-01,-0.14211600000000002
2015-12-02,-0.102048
2015-12-03,-0.18920399999999998
2015-12-04,-0.223752
2015-12-05,-0.285712
2015-12-06,-0.218748
2015-12-07,-0.23176000000000002
2015-12-08,-0.268928
2015-12-09,-0.28492
2015-12-10,-0.30726400000000004
2015-12-11,-0.28200800000000004
2015-12-12,-0.317848
2015-12-13,-0.20228
2015-12-14,-0.186212
2015-12-15,-0.198536
2015-12-16,-0.138144
2015-12-17,-0.159476
2015-12-18,-0.218516
2015-12-19,-0.21608800000000003
2015-12-20,-0.283424
2015-12-21,-0.20491199999999998
2015-12-22,-0.248024
2015-12-23,-0.20679999999999998
2015-12-24,-0.297688
2015-12-25,-0.125952
2015-12-26,-0.26052800000000004
2015-12-27,-0.22895600000000002
2015-12-28,-0.26184799999999997
2015-12-29,-0.222756
2015-12-30,-0.264768
2015-12-31,-0.082616
2016-01-01,-0.09672
2016-01-02,-0.29136
2016-01-03,-0.13038
2016-01-04,-0.26655999999999996
2016-01-05,-0.346224
2016-01-06,-0.375156
2016-01-07,-0.17534
2016-01-08,-0.243828
2016-01-09,-0.08254
2016-01-10,-0.20976
2016-01-11,-0.145564
2016-01-12,-0.157052
2016-01-13,-0.07288
2016-01-14,-0.308876
2016-01-15,-0.273168
2016-01-16,-0.14078000000000002
2016-01-17,-0.259576
2016-01-18,-0.290268
2016-01-19,-0.19006
2016-01-20,-0.14673999999999998
2016-01-21,-0.11240399999999999
2016-01-22,-0.358232
2016-01-23,-0.134112
2016-01-24,-0.39435200000000004
2016-01-25,-0.19671599999999997
2016-01-26,-0.32854
2016-01-27,-0.29822400000000004
2016-01-28,-0.07391199999999999
2016-01-29,-0.15562399999999998
2016-01-30,-0.28358
2016-01-31,-0.220816
2016-02-01,-0.068316
2016-02-02,-0.12508799999999998
2016-02-03,-0.23440000000000003
2016-02-04,-0.133156
2016-02-05,-0.182724
2016-02-06,-0.09182
2016-02-07,-0.11339600000000001
2016-02-08,-0.225236
2016-02-09,-0.229928
2016-02-10,-0.289868
2016-02-11,-0.243644
2016-02-12,-0.029896000000000002
2016-02-13,-0.05804
2016-02-14,-0.15528
2016-02-15,-0.297584
2016-02-16,-0.141712
2016-02-17,-0.166876
2016-02-18,-0.301628
2016-02-19,-0.204424
2016-02-20,-0.20133600000000001
2016-02-21,-0.137612
2016-02-22,-0.164564
2016-02-23,-0.097632
2016-02-24,-0.16372799999999998
2016-02-25,-0.162292
2016-02-26,-0.309064
2016-02-27,-0.066136
2016-02-28,-0.282272
2016-02-29,-0.22236799999999998
2016-03-01,-0.34865999999999997
2016-03-02,-0.21096
2016-03-03,-0.255652
2016-03-04,-0.276396
2016-03-05,-0.18759599999999998
2016-03-06,-0.197016
2016-03-07,-0.11139199999999999
2016-03-08,-0.23674399999999998
2016-03-09,-0.18686
2016-03-10,-0.31579599999999997
2016-03-11,-0.256168
2016-03-12,-0.180852
2016-03-13,0.01978
2016-03-14,-0.136248
2016-03-15,-0.230784
2016-03-16,-0.10909200000000001
2016-03-17,-0.148444
2016-03-18,-0.264176
2016-03-19,-0.377416
2016-03-20,-0.106144
2016-03-21,-0.128252
2016-03-22,-0.347976
2016-03-23,-0.27936
2016-03-24,-0.34808
2016-03-25,-0.39529600000000004
2016-03-26,-0.298032
2016-03-28,-0.236264
2016-03-29,-0.12859199999999998
2016-03-30,-0.288072
2016-03-31,-0.10555199999999999
2016-04-01,-0.17282
2016-04-02,-0.259376
2016-04-03,-0.18694400000000003
2016-04-04,-0.221956
2016-04-05,-0.190716
2016-04-06,-0.15816
2016-04-07,-0.144768
2016-04-08,-0.182092
2016-04-09,-0.205476
2016-04-10,-0.12811999999999998
2016-04-11,-0.108384
2016-04-12,-0.126588
2016-04-13,-0.261332
2016-04-14,-0.204376
2016-04-15,-0.139536
2016-04-16,-0.09295999999999999
2016-04-17,-0.253828
2016-04-18,-0.20924399999999999
2016-04-19,-0.197868
2016-04-20,-0.123352
2016-04-21,-0.07263599999999999
2016-04-22,-0.12436
2016-04-23,-0.23668
2016-04-24,-0.196856
2016-04-25,-0.258956
2016-04-26,-0.224192
2016-04-27,-0.21602800000000003
2016-04-28,-0.153276
2016-04-29,-0.18942399999999998
2016-04-30,-0.200992
2016-05-01,-0.017127999999999994
2016-05-02,-0.322048
2016-05-03,-0.055184
2016-05-04,-0.312392
2016-05-05,-0.16577999999999998
2016-05-06,-0.26246400000000003
2016-05-07,-0.22246400000000002
2016-05-08,-0.094968
2016-05-09,-0.11721999999999999
2016-05-10,-0.31436
2016-05-11,-0.097424
2016-05-12,-0.232316
2016-05-13,-0.06842
2016-05-14,-0.141796
2016-05-15,-0.18474000000000002
2016-05-16,-0.20023599999999997
2016-05-17,-0.157636
2016-05-18,-0.15462399999999998
2016-05-19,-0.222328
2016-05-20,-0.17790399999999998
2016-05-21,-0.35638
2016-05-22,-0.38832
2016-05-23,-0.319948
2016-05-24,-0.14934
2016-05-25,-0.34787199999999996
2016-05-26,-0.237692
2016-05-27,-0.249088
2016-05-28,-0.21208400000000002
2016-05-29,-0.12334400000000001
2016-05-30,-0.10204799999999999
2016-05-31,-0.183956
2016-06-01,-0.33791600000000005
2016-06-02,-0.27406400000000003
2016-06-03,-0.130016
2016-06-04,-0.166884
2016-06-05,-0.17945599999999998
2016-06-06,-0.25718
2016-06-07,-0.120532
2016-06-08,-0.09144000000000001
2016-06-09,-0.08808400000000001
2016-06-10,-0.131348
2016-06-11,-0.20533200000000001
2016-06-12,-0.21814
2016-06-13,-0.15546800000000002
2016-06-14,-0.152276
2016-06-15,-0.3035
2016-06-16,-0.27061599999999997
2016-06-17,-0.295452
2016-06-18,-0.23640799999999998
2016-06-19,-0.09667200000000001
2016-06-20,-0.350348
2016-06-21,-0.357616
2016-06-22,-0.095448
2016-06-23,-0.158004
2016-06-24,-0.04683199999999999
2016-06-25,-0.10261200000000001
2016-06-26,-0.03376
2016-06-27,-0.142656
2016-06-28,-0.06731200000000001
2016-06-29,-0.209956
2016-06-30,-0.280596
2016-07-01,-0.33827199999999996
